department_id,department_name,date_key,month_start_date,fiscal_year,fiscal_period,employee_group,headcount,fte,total_salary_expense,overtime_expense,vacancies,turnover_count
1,Finance & Accounting,20230701,2023-07-01,2024,1,Staff,33,31.68,213539.05,5183.6,2,1
1,Finance & Accounting,20230701,2023-07-01,2024,1,Student Workers,5,2.25,8251.05,43.05,2,0
1,Finance & Accounting,20230801,2023-08-01,2024,2,Staff,33,31.68,213064.53,5490.46,1,1
1,Finance & Accounting,20230801,2023-08-01,2024,2,Student Workers,5,2.25,8209.59,257.49,3,0
1,Finance & Accounting,20230901,2023-09-01,2024,3,Staff,36,34.56,229427.42,5367.02,1,0
1,Finance & Accounting,20230901,2023-09-01,2024,3,Student Workers,6,2.7,10055.78,239.76,0,0
1,Finance & Accounting,20231001,2023-10-01,2024,4,Staff,33,31.68,215738.26,6979.51,3,0
1,Finance & Accounting,20231001,2023-10-01,2024,4,Student Workers,5,2.25,8256.69,263.03,3,0
1,Finance & Accounting,20231101,2023-11-01,2024,5,Staff,32,30.72,205328.69,1316.87,0,0
1,Finance & Accounting,20231101,2023-11-01,2024,5,Student Workers,5,2.25,8449.0,286.81,1,0
1,Finance & Accounting,20231201,2023-12-01,2024,6,Staff,35,33.6,231390.25,7898.84,3,0
1,Finance & Accounting,20231201,2023-12-01,2024,6,Student Workers,5,2.25,8199.88,96.55,2,0
1,Finance & Accounting,20240101,2024-01-01,2024,7,Staff,33,31.68,217509.09,4254.77,2,0
1,Finance & Accounting,20240101,2024-01-01,2024,7,Student Workers,5,2.25,8306.6,166.07,2,0
1,Finance & Accounting,20240201,2024-02-01,2024,8,Staff,35,33.6,228721.32,7938.97,1,1
1,Finance & Accounting,20240201,2024-02-01,2024,8,Student Workers,6,2.7,9950.27,275.02,0,0
1,Finance & Accounting,20240301,2024-03-01,2024,9,Staff,35,33.6,223444.56,2754.87,0,0
1,Finance & Accounting,20240301,2024-03-01,2024,9,Student Workers,5,2.25,8454.41,250.85,3,1
1,Finance & Accounting,20240401,2024-04-01,2024,10,Staff,33,31.68,212170.8,2392.74,3,0
1,Finance & Accounting,20240401,2024-04-01,2024,10,Student Workers,5,2.25,8228.36,251.67,1,0
1,Finance & Accounting,20240501,2024-05-01,2024,11,Staff,34,32.64,224538.03,1253.34,1,0
1,Finance & Accounting,20240501,2024-05-01,2024,11,Student Workers,5,2.25,8416.93,276.55,3,1
1,Finance & Accounting,20240601,2024-06-01,2024,12,Staff,35,33.6,230479.92,7301.07,0,0
1,Finance & Accounting,20240601,2024-06-01,2024,12,Student Workers,6,2.7,10041.3,215.73,0,0
1,Finance & Accounting,20240701,2024-07-01,2025,1,Staff,35,33.6,225904.26,5814.55,3,1
1,Finance & Accounting,20240701,2024-07-01,2025,1,Student Workers,5,2.25,8141.08,265.35,2,0
1,Finance & Accounting,20240801,2024-08-01,2025,2,Staff,33,31.68,209954.66,3220.89,0,1
1,Finance & Accounting,20240801,2024-08-01,2025,2,Student Workers,5,2.25,8252.86,218.97,3,0
1,Finance & Accounting,20240901,2024-09-01,2025,3,Staff,35,33.6,224061.4,6628.04,3,1
1,Finance & Accounting,20240901,2024-09-01,2025,3,Student Workers,6,2.7,10004.46,326.93,2,0
1,Finance & Accounting,20241001,2024-10-01,2025,4,Staff,35,33.6,222760.0,3623.37,3,0
1,Finance & Accounting,20241001,2024-10-01,2025,4,Student Workers,5,2.25,8329.19,150.01,1,0
1,Finance & Accounting,20241101,2024-11-01,2025,5,Staff,36,34.56,237124.16,7761.36,0,1
1,Finance & Accounting,20241101,2024-11-01,2025,5,Student Workers,6,2.7,10131.91,351.86,2,0
1,Finance & Accounting,20241201,2024-12-01,2025,6,Staff,35,33.6,228286.16,5902.78,2,2
1,Finance & Accounting,20241201,2024-12-01,2025,6,Student Workers,5,2.25,8199.83,192.66,2,0
1,Finance & Accounting,20250101,2025-01-01,2025,7,Staff,38,36.48,247115.21,4590.62,1,1
1,Finance & Accounting,20250101,2025-01-01,2025,7,Student Workers,6,2.7,10066.95,259.85,1,0
1,Finance & Accounting,20250201,2025-02-01,2025,8,Staff,32,30.72,208163.97,2616.48,3,1
1,Finance & Accounting,20250201,2025-02-01,2025,8,Student Workers,5,2.25,8454.95,277.01,0,0
1,Finance & Accounting,20250301,2025-03-01,2025,9,Staff,36,34.56,233028.73,5139.52,1,0
1,Finance & Accounting,20250301,2025-03-01,2025,9,Student Workers,6,2.7,9773.17,246.62,3,0
1,Finance & Accounting,20250401,2025-04-01,2025,10,Staff,35,33.6,225617.65,5616.01,0,0
1,Finance & Accounting,20250401,2025-04-01,2025,10,Student Workers,6,2.7,10028.24,73.5,3,0
1,Finance & Accounting,20250501,2025-05-01,2025,11,Staff,36,34.56,236649.61,5853.64,3,1
1,Finance & Accounting,20250501,2025-05-01,2025,11,Student Workers,6,2.7,10070.31,79.46,3,0
1,Finance & Accounting,20250601,2025-06-01,2025,12,Staff,33,31.68,217098.92,2931.73,1,0
1,Finance & Accounting,20250601,2025-06-01,2025,12,Student Workers,5,2.25,8412.95,170.46,2,1
2,Human Resources,20230701,2023-07-01,2024,1,Staff,27,25.92,171706.97,4428.77,1,1
2,Human Resources,20230701,2023-07-01,2024,1,Student Workers,4,1.8,6555.02,214.91,1,0
2,Human Resources,20230801,2023-08-01,2024,2,Staff,31,29.76,204271.63,7045.07,0,0
2,Human Resources,20230801,2023-08-01,2024,2,Student Workers,5,2.25,8244.22,85.23,0,1
2,Human Resources,20230901,2023-09-01,2024,3,Staff,28,26.88,178715.72,3340.94,2,0
2,Human Resources,20230901,2023-09-01,2024,3,Student Workers,4,1.8,6730.94,73.47,3,0
2,Human Resources,20231001,2023-10-01,2024,4,Staff,31,29.76,202087.09,6888.92,1,0
2,Human Resources,20231001,2023-10-01,2024,4,Student Workers,5,2.25,8352.79,198.83,3,0
2,Human Resources,20231101,2023-11-01,2024,5,Staff,30,28.8,191279.51,2143.26,1,0
2,Human Resources,20231101,2023-11-01,2024,5,Student Workers,5,2.25,8432.55,83.85,0,0
2,Human Resources,20231201,2023-12-01,2024,6,Staff,30,28.8,192276.34,3122.91,3,2
2,Human Resources,20231201,2023-12-01,2024,6,Student Workers,5,2.25,8190.92,165.33,0,0
2,Human Resources,20240101,2024-01-01,2024,7,Staff,31,29.76,203907.64,6363.38,1,1
2,Human Resources,20240101,2024-01-01,2024,7,Student Workers,5,2.25,8196.94,56.61,1,0
2,Human Resources,20240201,2024-02-01,2024,8,Staff,29,27.84,187725.28,1416.12,2,0
2,Human Resources,20240201,2024-02-01,2024,8,Student Workers,5,2.25,8307.74,63.98,2,0
2,Human Resources,20240301,2024-03-01,2024,9,Staff,28,26.88,180213.52,5015.79,0,0
2,Human Resources,20240301,2024-03-01,2024,9,Student Workers,4,1.8,6621.95,112.2,2,2
2,Human Resources,20240401,2024-04-01,2024,10,Staff,28,26.88,181446.53,4621.13,1,1
2,Human Resources,20240401,2024-04-01,2024,10,Student Workers,4,1.8,6536.27,104.87,0,0
2,Human Resources,20240501,2024-05-01,2024,11,Staff,28,26.88,185030.19,3750.23,3,1
2,Human Resources,20240501,2024-05-01,2024,11,Student Workers,4,1.8,6511.04,219.32,3,0
2,Human Resources,20240601,2024-06-01,2024,12,Staff,28,26.88,184124.28,3576.53,3,1
2,Human Resources,20240601,2024-06-01,2024,12,Student Workers,4,1.8,6534.47,81.6,1,1
2,Human Resources,20240701,2024-07-01,2025,1,Staff,28,26.88,184939.42,5297.2,2,0
2,Human Resources,20240701,2024-07-01,2025,1,Student Workers,4,1.8,6601.72,174.03,1,0
2,Human Resources,20240801,2024-08-01,2025,2,Staff,31,29.76,200278.46,6132.39,1,0
2,Human Resources,20240801,2024-08-01,2025,2,Student Workers,5,2.25,8382.35,49.26,3,0
2,Human Resources,20240901,2024-09-01,2025,3,Staff,28,26.88,180195.82,2269.42,3,0
2,Human Resources,20240901,2024-09-01,2025,3,Student Workers,4,1.8,6618.3,54.03,3,0
2,Human Resources,20241001,2024-10-01,2025,4,Staff,29,27.84,187992.65,5858.32,1,0
2,Human Resources,20241001,2024-10-01,2025,4,Student Workers,5,2.25,8170.1,147.47,1,0
2,Human Resources,20241101,2024-11-01,2025,5,Staff,30,28.8,194326.71,1682.27,0,0
2,Human Resources,20241101,2024-11-01,2025,5,Student Workers,5,2.25,8155.92,51.97,0,0
2,Human Resources,20241201,2024-12-01,2025,6,Staff,31,29.76,199356.07,5218.86,3,0
2,Human Resources,20241201,2024-12-01,2025,6,Student Workers,5,2.25,8387.42,268.63,3,1
2,Human Resources,20250101,2025-01-01,2025,7,Staff,30,28.8,198021.08,1156.91,1,0
2,Human Resources,20250101,2025-01-01,2025,7,Student Workers,5,2.25,8224.86,114.08,0,0
2,Human Resources,20250201,2025-02-01,2025,8,Staff,30,28.8,194598.77,3683.51,3,0
2,Human Resources,20250201,2025-02-01,2025,8,Student Workers,5,2.25,8387.86,214.92,3,0
2,Human Resources,20250301,2025-03-01,2025,9,Staff,28,26.88,180649.48,4227.51,0,0
2,Human Resources,20250301,2025-03-01,2025,9,Student Workers,4,1.8,6612.63,231.28,3,0
2,Human Resources,20250401,2025-04-01,2025,10,Staff,31,29.76,198605.09,1638.0,0,0
2,Human Resources,20250401,2025-04-01,2025,10,Student Workers,5,2.25,8195.78,124.29,1,0
2,Human Resources,20250501,2025-05-01,2025,11,Staff,28,26.88,183012.3,4517.28,3,0
2,Human Resources,20250501,2025-05-01,2025,11,Student Workers,4,1.8,6588.68,176.61,3,2
2,Human Resources,20250601,2025-06-01,2025,12,Staff,29,27.84,189714.58,1506.67,0,0
2,Human Resources,20250601,2025-06-01,2025,12,Student Workers,5,2.25,8455.93,180.82,3,0
3,Facilities Management,20230701,2023-07-01,2024,1,Staff,94,90.24,614293.13,12724.38,1,0
3,Facilities Management,20230701,2023-07-01,2024,1,Student Workers,15,6.75,25304.85,649.61,2,0
3,Facilities Management,20230801,2023-08-01,2024,2,Staff,90,86.4,578393.92,18442.54,2,1
3,Facilities Management,20230801,2023-08-01,2024,2,Student Workers,14,6.3,23069.43,736.11,1,1
3,Facilities Management,20230901,2023-09-01,2024,3,Staff,93,89.28,595592.0,19194.4,1,0
3,Facilities Management,20230901,2023-09-01,2024,3,Student Workers,14,6.3,23019.02,334.58,1,0
3,Facilities Management,20231001,2023-10-01,2024,4,Staff,91,87.36,595776.2,3188.09,1,0
3,Facilities Management,20231001,2023-10-01,2024,4,Student Workers,14,6.3,22967.49,556.78,2,0
3,Facilities Management,20231101,2023-11-01,2024,5,Staff,91,87.36,600218.42,10599.11,1,1
3,Facilities Management,20231101,2023-11-01,2024,5,Student Workers,14,6.3,23666.62,338.66,1,0
3,Facilities Management,20231201,2023-12-01,2024,6,Staff,92,88.32,591394.49,4707.75,3,0
3,Facilities Management,20231201,2023-12-01,2024,6,Student Workers,14,6.3,23156.35,409.24,0,0
3,Facilities Management,20240101,2024-01-01,2024,7,Staff,92,88.32,598519.27,12525.47,0,0
3,Facilities Management,20240101,2024-01-01,2024,7,Student Workers,14,6.3,22756.66,382.83,0,1
3,Facilities Management,20240201,2024-02-01,2024,8,Staff,92,88.32,601704.54,17469.26,0,0
3,Facilities Management,20240201,2024-02-01,2024,8,Student Workers,14,6.3,23456.01,411.87,3,0
3,Facilities Management,20240301,2024-03-01,2024,9,Staff,93,89.28,614028.76,16068.06,0,0
3,Facilities Management,20240301,2024-03-01,2024,9,Student Workers,14,6.3,23244.96,263.91,2,0
3,Facilities Management,20240401,2024-04-01,2024,10,Staff,92,88.32,602757.17,9787.12,2,0
3,Facilities Management,20240401,2024-04-01,2024,10,Student Workers,14,6.3,23593.62,404.82,2,0
3,Facilities Management,20240501,2024-05-01,2024,11,Staff,92,88.32,591763.89,4524.31,0,0
3,Facilities Management,20240501,2024-05-01,2024,11,Student Workers,14,6.3,23506.66,418.58,0,0
3,Facilities Management,20240601,2024-06-01,2024,12,Staff,92,88.32,592786.91,16031.31,0,0
3,Facilities Management,20240601,2024-06-01,2024,12,Student Workers,14,6.3,22930.5,643.04,0,1
3,Facilities Management,20240701,2024-07-01,2025,1,Staff,91,87.36,593493.66,16669.27,2,0
3,Facilities Management,20240701,2024-07-01,2025,1,Student Workers,14,6.3,23583.92,358.12,2,0
3,Facilities Management,20240801,2024-08-01,2025,2,Staff,95,91.2,603779.18,4226.94,2,0
3,Facilities Management,20240801,2024-08-01,2025,2,Student Workers,15,6.75,25093.91,610.79,2,0
3,Facilities Management,20240901,2024-09-01,2025,3,Staff,91,87.36,579237.34,13418.45,1,0
3,Facilities Management,20240901,2024-09-01,2025,3,Student Workers,14,6.3,23539.06,658.02,3,0
3,Facilities Management,20241001,2024-10-01,2025,4,Staff,94,90.24,601069.71,17054.71,3,0
3,Facilities Management,20241001,2024-10-01,2025,4,Student Workers,15,6.75,25143.24,423.45,3,0
3,Facilities Management,20241101,2024-11-01,2025,5,Staff,93,89.28,601884.41,12946.31,2,1
3,Facilities Management,20241101,2024-11-01,2025,5,Student Workers,14,6.3,23417.2,303.94,3,0
3,Facilities Management,20241201,2024-12-01,2025,6,Staff,94,90.24,604973.0,6620.62,2,0
3,Facilities Management,20241201,2024-12-01,2025,6,Student Workers,15,6.75,24793.78,803.64,2,0
3,Facilities Management,20250101,2025-01-01,2025,7,Staff,93,89.28,594182.99,20152.13,3,0
3,Facilities Management,20250101,2025-01-01,2025,7,Student Workers,14,6.3,22829.77,132.07,2,0
3,Facilities Management,20250201,2025-02-01,2025,8,Staff,95,91.2,606403.75,10472.36,3,0
3,Facilities Management,20250201,2025-02-01,2025,8,Student Workers,15,6.75,24846.53,686.97,2,0
3,Facilities Management,20250301,2025-03-01,2025,9,Staff,95,91.2,625104.14,9008.17,0,1
3,Facilities Management,20250301,2025-03-01,2025,9,Student Workers,15,6.75,25025.05,358.85,1,0
3,Facilities Management,20250401,2025-04-01,2025,10,Staff,92,88.32,593773.28,17071.75,2,0
3,Facilities Management,20250401,2025-04-01,2025,10,Student Workers,14,6.3,22802.33,606.92,0,1
3,Facilities Management,20250501,2025-05-01,2025,11,Staff,92,88.32,602846.14,10428.98,0,0
3,Facilities Management,20250501,2025-05-01,2025,11,Student Workers,14,6.3,23583.79,248.61,1,0
3,Facilities Management,20250601,2025-06-01,2025,12,Staff,96,92.16,621803.36,5070.18,1,0
3,Facilities Management,20250601,2025-06-01,2025,12,Student Workers,15,6.75,25229.9,250.33,3,0
4,Information Technology,20230701,2023-07-01,2024,1,Staff,63,60.48,452927.92,15109.46,1,0
4,Information Technology,20230701,2023-07-01,2024,1,Student Workers,10,4.5,18668.82,198.84,0,0
4,Information Technology,20230801,2023-08-01,2024,2,Staff,63,60.48,464304.48,3569.0,3,0
4,Information Technology,20230801,2023-08-01,2024,2,Student Workers,10,4.5,18460.97,443.2,2,0
4,Information Technology,20230901,2023-09-01,2024,3,Staff,61,58.56,437262.76,15221.44,3,1
4,Information Technology,20230901,2023-09-01,2024,3,Student Workers,9,4.05,16872.03,544.26,3,0
4,Information Technology,20231001,2023-10-01,2024,4,Staff,62,59.52,447174.15,4196.42,3,1
4,Information Technology,20231001,2023-10-01,2024,4,Student Workers,10,4.5,18635.95,139.26,0,1
4,Information Technology,20231101,2023-11-01,2024,5,Staff,61,58.56,439300.03,13932.03,3,0
4,Information Technology,20231101,2023-11-01,2024,5,Student Workers,9,4.05,16985.75,266.29,0,0
4,Information Technology,20231201,2023-12-01,2024,6,Staff,65,62.4,475838.85,15439.32,0,0
4,Information Technology,20231201,2023-12-01,2024,6,Student Workers,10,4.5,18864.8,366.69,1,0
4,Information Technology,20240101,2024-01-01,2024,7,Staff,63,60.48,454667.58,3769.38,1,0
4,Information Technology,20240101,2024-01-01,2024,7,Student Workers,10,4.5,18240.95,496.47,1,0
4,Information Technology,20240201,2024-02-01,2024,8,Staff,63,60.48,450414.55,15479.87,3,0
4,Information Technology,20240201,2024-02-01,2024,8,Student Workers,10,4.5,18352.15,336.23,2,0
4,Information Technology,20240301,2024-03-01,2024,9,Staff,65,62.4,471288.54,11755.89,1,0
4,Information Technology,20240301,2024-03-01,2024,9,Student Workers,10,4.5,18740.16,543.27,0,1
4,Information Technology,20240401,2024-04-01,2024,10,Staff,66,63.36,474725.15,14172.17,0,1
4,Information Technology,20240401,2024-04-01,2024,10,Student Workers,10,4.5,18324.85,398.5,1,1
4,Information Technology,20240501,2024-05-01,2024,11,Staff,64,61.44,456936.69,13465.31,1,1
4,Information Technology,20240501,2024-05-01,2024,11,Student Workers,10,4.5,18313.17,203.12,2,1
4,Information Technology,20240601,2024-06-01,2024,12,Staff,65,62.4,466047.53,6470.13,3,0
4,Information Technology,20240601,2024-06-01,2024,12,Student Workers,10,4.5,18796.78,625.62,1,0
4,Information Technology,20240701,2024-07-01,2025,1,Staff,67,64.32,482573.73,12502.56,1,0
4,Information Technology,20240701,2024-07-01,2025,1,Student Workers,10,4.5,18710.49,385.26,2,0
4,Information Technology,20240801,2024-08-01,2025,2,Staff,65,62.4,477566.03,14958.47,2,0
4,Information Technology,20240801,2024-08-01,2025,2,Student Workers,10,4.5,18419.35,546.69,0,0
4,Information Technology,20240901,2024-09-01,2025,3,Staff,68,65.28,485292.21,6899.63,2,1
4,Information Technology,20240901,2024-09-01,2025,3,Student Workers,11,4.95,20595.36,128.6,0,0
4,Information Technology,20241001,2024-10-01,2025,4,Staff,65,62.4,466254.55,6516.75,3,0
4,Information Technology,20241001,2024-10-01,2025,4,Student Workers,10,4.5,18901.57,273.86,0,0
4,Information Technology,20241101,2024-11-01,2025,5,Staff,66,63.36,475731.44,4225.51,2,2
4,Information Technology,20241101,2024-11-01,2025,5,Student Workers,10,4.5,18910.1,436.37,0,0
4,Information Technology,20241201,2024-12-01,2025,6,Staff,63,60.48,451014.88,10291.79,3,0
4,Information Technology,20241201,2024-12-01,2025,6,Student Workers,10,4.5,18643.66,178.11,0,0
4,Information Technology,20250101,2025-01-01,2025,7,Staff,66,63.36,474035.6,11883.97,2,0
4,Information Technology,20250101,2025-01-01,2025,7,Student Workers,10,4.5,18269.23,530.27,0,0
4,Information Technology,20250201,2025-02-01,2025,8,Staff,67,64.32,486033.26,8405.96,1,1
4,Information Technology,20250201,2025-02-01,2025,8,Student Workers,10,4.5,18382.81,147.28,2,0
4,Information Technology,20250301,2025-03-01,2025,9,Staff,67,64.32,486576.35,2443.71,1,1
4,Information Technology,20250301,2025-03-01,2025,9,Student Workers,10,4.5,18203.55,453.41,2,1
4,Information Technology,20250401,2025-04-01,2025,10,Staff,67,64.32,476861.84,10574.31,0,0
4,Information Technology,20250401,2025-04-01,2025,10,Student Workers,10,4.5,18861.84,457.13,0,0
4,Information Technology,20250501,2025-05-01,2025,11,Staff,67,64.32,485820.97,10783.83,1,0
4,Information Technology,20250501,2025-05-01,2025,11,Student Workers,10,4.5,18488.71,514.88,2,0
4,Information Technology,20250601,2025-06-01,2025,12,Staff,66,63.36,481287.38,8883.99,1,0
4,Information Technology,20250601,2025-06-01,2025,12,Student Workers,10,4.5,18335.56,454.26,2,0
5,College of Liberal Arts,20230701,2023-07-01,2024,1,Faculty,72,69.12,685790.06,6586.88,1,0
5,College of Liberal Arts,20230701,2023-07-01,2024,1,Staff,66,63.36,434383.91,6546.91,1,1
5,College of Liberal Arts,20230701,2023-07-01,2024,1,Student Workers,28,12.6,46953.9,438.54,2,0
5,College of Liberal Arts,20230801,2023-08-01,2024,2,Faculty,73,70.08,700828.98,7857.43,2,0
5,College of Liberal Arts,20230801,2023-08-01,2024,2,Staff,67,64.32,431551.5,8328.26,0,0
5,College of Liberal Arts,20230801,2023-08-01,2024,2,Student Workers,29,13.05,47804.16,425.16,2,0
5,College of Liberal Arts,20230901,2023-09-01,2024,3,Faculty,72,69.12,701725.23,4826.8,3,0
5,College of Liberal Arts,20230901,2023-09-01,2024,3,Staff,66,63.36,435212.66,3703.13,2,0
5,College of Liberal Arts,20230901,2023-09-01,2024,3,Student Workers,28,12.6,46029.12,902.33,2,0
5,College of Liberal Arts,20231001,2023-10-01,2024,4,Faculty,73,70.08,711348.99,4192.72,3,0
5,College of Liberal Arts,20231001,2023-10-01,2024,4,Staff,66,63.36,423413.79,11069.62,1,0
5,College of Liberal Arts,20231001,2023-10-01,2024,4,Student Workers,28,12.6,47174.0,763.58,2,0
5,College of Liberal Arts,20231101,2023-11-01,2024,5,Faculty,73,70.08,708330.12,8148.93,2,1
5,College of Liberal Arts,20231101,2023-11-01,2024,5,Staff,67,64.32,440640.45,4669.85,3,0
5,College of Liberal Arts,20231101,2023-11-01,2024,5,Student Workers,29,13.05,47857.45,441.73,2,0
5,College of Liberal Arts,20231201,2023-12-01,2024,6,Faculty,73,70.08,693691.82,4441.92,1,0
5,College of Liberal Arts,20231201,2023-12-01,2024,6,Staff,66,63.36,432006.2,3976.49,0,0
5,College of Liberal Arts,20231201,2023-12-01,2024,6,Student Workers,28,12.6,46112.85,1369.75,3,0
5,College of Liberal Arts,20240101,2024-01-01,2024,7,Faculty,72,69.12,704904.19,5011.68,2,2
5,College of Liberal Arts,20240101,2024-01-01,2024,7,Staff,66,63.36,424651.73,11336.43,1,0
5,College of Liberal Arts,20240101,2024-01-01,2024,7,Student Workers,28,12.6,47095.92,1528.46,1,0
5,College of Liberal Arts,20240201,2024-02-01,2024,8,Faculty,71,68.16,684061.43,9011.66,2,0
5,College of Liberal Arts,20240201,2024-02-01,2024,8,Staff,65,62.4,425582.46,5043.92,0,0
5,College of Liberal Arts,20240201,2024-02-01,2024,8,Student Workers,28,12.6,47046.51,508.71,2,1
5,College of Liberal Arts,20240301,2024-03-01,2024,9,Faculty,72,69.12,691713.94,16977.63,0,0
5,College of Liberal Arts,20240301,2024-03-01,2024,9,Staff,66,63.36,431198.7,10757.32,3,0
5,College of Liberal Arts,20240301,2024-03-01,2024,9,Student Workers,28,12.6,46146.14,348.45,3,1
5,College of Liberal Arts,20240401,2024-04-01,2024,10,Faculty,73,70.08,711539.59,11484.32,3,0
5,College of Liberal Arts,20240401,2024-04-01,2024,10,Staff,66,63.36,424674.98,3669.66,0,0
5,College of Liberal Arts,20240401,2024-04-01,2024,10,Student Workers,28,12.6,45916.14,863.12,3,0
5,College of Liberal Arts,20240501,2024-05-01,2024,11,Faculty,72,69.12,703894.55,5403.55,2,0
5,College of Liberal Arts,20240501,2024-05-01,2024,11,Staff,66,63.36,423396.46,6393.08,2,0
5,College of Liberal Arts,20240501,2024-05-01,2024,11,Student Workers,28,12.6,46629.22,529.02,3,1
5,College of Liberal Arts,20240601,2024-06-01,2024,12,Faculty,72,69.12,696218.69,9996.81,2,0
5,College of Liberal Arts,20240601,2024-06-01,2024,12,Staff,66,63.36,419827.4,4684.11,0,2
5,College of Liberal Arts,20240601,2024-06-01,2024,12,Student Workers,28,12.6,45928.48,1331.87,1,0
5,College of Liberal Arts,20240701,2024-07-01,2025,1,Faculty,73,70.08,700281.39,19958.17,3,0
5,College of Liberal Arts,20240701,2024-07-01,2025,1,Staff,66,63.36,429128.85,12869.81,3,0
5,College of Liberal Arts,20240701,2024-07-01,2025,1,Student Workers,28,12.6,45615.65,1523.4,0,0
5,College of Liberal Arts,20240801,2024-08-01,2025,2,Faculty,73,70.08,698298.77,19559.36,2,0
5,College of Liberal Arts,20240801,2024-08-01,2025,2,Staff,67,64.32,426470.04,14487.59,0,0
5,College of Liberal Arts,20240801,2024-08-01,2025,2,Student Workers,29,13.05,47374.83,611.06,0,0
5,College of Liberal Arts,20240901,2024-09-01,2025,3,Faculty,73,70.08,696648.6,19676.19,1,0
5,College of Liberal Arts,20240901,2024-09-01,2025,3,Staff,66,63.36,422978.04,3474.17,1,2
5,College of Liberal Arts,20240901,2024-09-01,2025,3,Student Workers,28,12.6,46712.43,380.28,0,0
5,College of Liberal Arts,20241001,2024-10-01,2025,4,Faculty,73,70.08,697920.17,20642.82,1,0
5,College of Liberal Arts,20241001,2024-10-01,2025,4,Staff,67,64.32,442724.21,10485.24,1,0
5,College of Liberal Arts,20241001,2024-10-01,2025,4,Student Workers,29,13.05,48951.09,934.04,0,1
5,College of Liberal Arts,20241101,2024-11-01,2025,5,Faculty,73,70.08,691903.12,18485.36,3,1
5,College of Liberal Arts,20241101,2024-11-01,2025,5,Staff,67,64.32,437702.0,7445.66,3,1
5,College of Liberal Arts,20241101,2024-11-01,2025,5,Student Workers,29,13.05,48882.36,1107.35,3,0
5,College of Liberal Arts,20241201,2024-12-01,2025,6,Faculty,73,70.08,718067.51,11336.67,0,0
5,College of Liberal Arts,20241201,2024-12-01,2025,6,Staff,66,63.36,435030.18,4524.25,2,2
5,College of Liberal Arts,20241201,2024-12-01,2025,6,Student Workers,28,12.6,46760.58,861.85,0,1
5,College of Liberal Arts,20250101,2025-01-01,2025,7,Faculty,72,69.12,699508.27,19993.49,0,1
5,College of Liberal Arts,20250101,2025-01-01,2025,7,Staff,66,63.36,426551.8,7099.08,3,0
5,College of Liberal Arts,20250101,2025-01-01,2025,7,Student Workers,28,12.6,46663.5,1214.42,1,0
5,College of Liberal Arts,20250201,2025-02-01,2025,8,Faculty,73,70.08,703319.74,16305.96,3,0
5,College of Liberal Arts,20250201,2025-02-01,2025,8,Staff,67,64.32,439867.23,12002.15,2,2
5,College of Liberal Arts,20250201,2025-02-01,2025,8,Student Workers,29,13.05,47576.0,984.96,3,0
5,College of Liberal Arts,20250301,2025-03-01,2025,9,Faculty,71,68.16,693563.39,14593.17,3,0
5,College of Liberal Arts,20250301,2025-03-01,2025,9,Staff,65,62.4,421843.43,3655.38,0,0
5,College of Liberal Arts,20250301,2025-03-01,2025,9,Student Workers,28,12.6,47336.94,1578.53,1,1
5,College of Liberal Arts,20250401,2025-04-01,2025,10,Faculty,74,71.04,703656.4,15264.71,2,1
5,College of Liberal Arts,20250401,2025-04-01,2025,10,Staff,67,64.32,427156.35,11163.17,1,0
5,College of Liberal Arts,20250401,2025-04-01,2025,10,Student Workers,29,13.05,48205.96,1608.42,0,0
5,College of Liberal Arts,20250501,2025-05-01,2025,11,Faculty,72,69.12,696297.75,15449.68,0,0
5,College of Liberal Arts,20250501,2025-05-01,2025,11,Staff,66,63.36,428091.96,5297.83,1,0
5,College of Liberal Arts,20250501,2025-05-01,2025,11,Student Workers,28,12.6,46007.37,1140.22,1,0
5,College of Liberal Arts,20250601,2025-06-01,2025,12,Faculty,73,70.08,714495.83,10089.64,0,0
5,College of Liberal Arts,20250601,2025-06-01,2025,12,Staff,66,63.36,433539.18,4683.05,1,0
5,College of Liberal Arts,20250601,2025-06-01,2025,12,Student Workers,28,12.6,46675.69,1067.41,0,0
6,College of Engineering,20230701,2023-07-01,2024,1,Faculty,65,62.4,715865.63,18451.79,3,0
6,College of Engineering,20230701,2023-07-01,2024,1,Staff,60,57.6,427248.95,11351.23,0,1
6,College of Engineering,20230701,2023-07-01,2024,1,Student Workers,26,11.7,47571.79,1053.63,1,0
6,College of Engineering,20230801,2023-08-01,2024,2,Faculty,65,62.4,691834.88,22828.0,1,1
6,College of Engineering,20230801,2023-08-01,2024,2,Staff,59,56.64,424795.94,9774.0,2,0
6,College of Engineering,20230801,2023-08-01,2024,2,Student Workers,25,11.25,46299.46,550.56,2,0
6,College of Engineering,20230901,2023-09-01,2024,3,Faculty,65,62.4,709074.39,7167.1,1,0
6,College of Engineering,20230901,2023-09-01,2024,3,Staff,59,56.64,435136.07,4284.12,3,0
6,College of Engineering,20230901,2023-09-01,2024,3,Student Workers,25,11.25,46659.96,961.33,0,0
6,College of Engineering,20231001,2023-10-01,2024,4,Faculty,66,63.36,717087.93,10765.99,0,2
6,College of Engineering,20231001,2023-10-01,2024,4,Staff,60,57.6,439018.17,6971.5,3,0
6,College of Engineering,20231001,2023-10-01,2024,4,Student Workers,26,11.7,49013.94,1424.78,0,1
6,College of Engineering,20231101,2023-11-01,2024,5,Faculty,65,62.4,704152.37,13396.07,0,0
6,College of Engineering,20231101,2023-11-01,2024,5,Staff,60,57.6,441836.73,6318.19,2,0
6,College of Engineering,20231101,2023-11-01,2024,5,Student Workers,26,11.7,47670.83,1523.52,1,2
6,College of Engineering,20231201,2023-12-01,2024,6,Faculty,66,63.36,718914.42,24032.84,3,0
6,College of Engineering,20231201,2023-12-01,2024,6,Staff,60,57.6,441699.72,6485.41,0,1
6,College of Engineering,20231201,2023-12-01,2024,6,Student Workers,26,11.7,48424.71,337.72,0,0
6,College of Engineering,20240101,2024-01-01,2024,7,Faculty,66,63.36,722959.04,24821.45,1,0
6,College of Engineering,20240101,2024-01-01,2024,7,Staff,60,57.6,442657.75,14383.33,0,0
6,College of Engineering,20240101,2024-01-01,2024,7,Student Workers,26,11.7,48248.43,656.42,3,1
6,College of Engineering,20240201,2024-02-01,2024,8,Faculty,65,62.4,699067.03,24148.0,0,0
6,College of Engineering,20240201,2024-02-01,2024,8,Staff,59,56.64,429133.48,11075.3,1,0
6,College of Engineering,20240201,2024-02-01,2024,8,Student Workers,25,11.25,45622.87,1539.98,3,0
6,College of Engineering,20240301,2024-03-01,2024,9,Faculty,66,63.36,726154.48,18375.08,0,0
6,College of Engineering,20240301,2024-03-01,2024,9,Staff,60,57.6,433126.32,5062.58,1,0
6,College of Engineering,20240301,2024-03-01,2024,9,Student Workers,26,11.7,47328.2,1110.99,1,0
6,College of Engineering,20240401,2024-04-01,2024,10,Faculty,65,62.4,697092.61,22523.92,1,2
6,College of Engineering,20240401,2024-04-01,2024,10,Staff,60,57.6,436623.91,13447.25,0,0
6,College of Engineering,20240401,2024-04-01,2024,10,Student Workers,26,11.7,48352.68,840.06,3,1
6,College of Engineering,20240501,2024-05-01,2024,11,Faculty,65,62.4,714297.95,6734.81,2,0
6,College of Engineering,20240501,2024-05-01,2024,11,Staff,60,57.6,438397.19,13784.44,2,0
6,College of Engineering,20240501,2024-05-01,2024,11,Student Workers,26,11.7,48518.23,816.89,1,0
6,College of Engineering,20240601,2024-06-01,2024,12,Faculty,66,63.36,708370.65,19005.8,2,0
6,College of Engineering,20240601,2024-06-01,2024,12,Staff,60,57.6,429032.69,3940.38,0,0
6,College of Engineering,20240601,2024-06-01,2024,12,Student Workers,26,11.7,48581.06,1326.79,3,0
6,College of Engineering,20240701,2024-07-01,2025,1,Faculty,66,63.36,713777.2,15272.78,3,0
6,College of Engineering,20240701,2024-07-01,2025,1,Staff,60,57.6,443558.01,12105.79,0,0
6,College of Engineering,20240701,2024-07-01,2025,1,Student Workers,26,11.7,49171.96,1516.34,2,1
6,College of Engineering,20240801,2024-08-01,2025,2,Faculty,66,63.36,710462.07,18312.19,1,1
6,College of Engineering,20240801,2024-08-01,2025,2,Staff,60,57.6,436867.53,2620.92,3,2
6,College of Engineering,20240801,2024-08-01,2025,2,Student Workers,26,11.7,47836.31,1488.33,2,0
6,College of Engineering,20240901,2024-09-01,2025,3,Faculty,65,62.4,691333.54,10949.89,2,0
6,College of Engineering,20240901,2024-09-01,2025,3,Staff,60,57.6,430483.09,13867.3,2,0
6,College of Engineering,20240901,2024-09-01,2025,3,Student Workers,26,11.7,48998.56,404.02,0,0
6,College of Engineering,20241001,2024-10-01,2025,4,Faculty,65,62.4,716325.53,11820.07,3,0
6,College of Engineering,20241001,2024-10-01,2025,4,Staff,60,57.6,431539.4,4252.06,2,0
6,College of Engineering,20241001,2024-10-01,2025,4,Student Workers,26,11.7,48367.4,1632.97,3,0
6,College of Engineering,20241101,2024-11-01,2025,5,Faculty,66,63.36,705712.55,22484.81,1,1
6,College of Engineering,20241101,2024-11-01,2025,5,Staff,60,57.6,439714.38,6377.61,1,0
6,College of Engineering,20241101,2024-11-01,2025,5,Student Workers,26,11.7,47922.83,1288.1,2,0
6,College of Engineering,20241201,2024-12-01,2025,6,Faculty,67,64.32,725871.77,14158.26,3,0
6,College of Engineering,20241201,2024-12-01,2025,6,Staff,61,58.56,443247.08,4061.22,0,0
6,College of Engineering,20241201,2024-12-01,2025,6,Student Workers,26,11.7,48517.66,673.29,2,0
6,College of Engineering,20250101,2025-01-01,2025,7,Faculty,65,62.4,708912.14,18903.54,2,0
6,College of Engineering,20250101,2025-01-01,2025,7,Staff,60,57.6,429025.44,10888.8,0,0
6,College of Engineering,20250101,2025-01-01,2025,7,Student Workers,26,11.7,48084.66,638.1,2,0
6,College of Engineering,20250201,2025-02-01,2025,8,Faculty,66,63.36,718913.63,18246.92,3,1
6,College of Engineering,20250201,2025-02-01,2025,8,Staff,60,57.6,431908.28,11587.11,0,0
6,College of Engineering,20250201,2025-02-01,2025,8,Student Workers,26,11.7,49079.61,911.44,0,0
6,College of Engineering,20250301,2025-03-01,2025,9,Faculty,66,63.36,707174.07,4692.05,0,1
6,College of Engineering,20250301,2025-03-01,2025,9,Staff,60,57.6,427356.52,7992.19,3,1
6,College of Engineering,20250301,2025-03-01,2025,9,Student Workers,26,11.7,47455.26,1288.78,3,0
6,College of Engineering,20250401,2025-04-01,2025,10,Faculty,67,64.32,719338.91,8369.77,0,1
6,College of Engineering,20250401,2025-04-01,2025,10,Staff,61,58.56,436157.28,2264.74,0,0
6,College of Engineering,20250401,2025-04-01,2025,10,Student Workers,26,11.7,47626.14,1554.76,3,0
6,College of Engineering,20250501,2025-05-01,2025,11,Faculty,66,63.36,700984.71,7345.89,1,1
6,College of Engineering,20250501,2025-05-01,2025,11,Staff,60,57.6,432703.74,11389.96,0,0
6,College of Engineering,20250501,2025-05-01,2025,11,Student Workers,26,11.7,47542.57,388.22,1,0
6,College of Engineering,20250601,2025-06-01,2025,12,Faculty,66,63.36,723319.97,12782.81,1,0
6,College of Engineering,20250601,2025-06-01,2025,12,Staff,60,57.6,431455.19,6782.29,1,0
6,College of Engineering,20250601,2025-06-01,2025,12,Student Workers,26,11.7,49157.36,482.33,3,0
7,Student Affairs,20230701,2023-07-01,2024,1,Staff,49,47.04,322791.69,3018.55,2,0
7,Student Affairs,20230701,2023-07-01,2024,1,Student Workers,12,5.4,19689.35,316.67,2,0
7,Student Affairs,20230801,2023-08-01,2024,2,Staff,49,47.04,316227.02,5206.7,0,0
7,Student Affairs,20230801,2023-08-01,2024,2,Student Workers,12,5.4,20257.87,223.07,2,0
7,Student Affairs,20230901,2023-09-01,2024,3,Staff,50,48.0,321347.13,4352.64,0,0
7,Student Affairs,20230901,2023-09-01,2024,3,Student Workers,12,5.4,19656.91,667.13,0,0
7,Student Affairs,20231001,2023-10-01,2024,4,Staff,49,47.04,315592.39,4393.53,2,0
7,Student Affairs,20231001,2023-10-01,2024,4,Student Workers,11,4.95,18230.29,179.49,0,0
7,Student Affairs,20231101,2023-11-01,2024,5,Staff,52,49.92,334718.22,2716.24,2,0
7,Student Affairs,20231101,2023-11-01,2024,5,Student Workers,12,5.4,19843.84,443.54,0,0
7,Student Affairs,20231201,2023-12-01,2024,6,Staff,49,47.04,319982.28,3875.57,3,0
7,Student Affairs,20231201,2023-12-01,2024,6,Student Workers,11,4.95,18587.12,317.05,3,0
7,Student Affairs,20240101,2024-01-01,2024,7,Staff,47,45.12,299537.73,6333.13,2,2
7,Student Affairs,20240101,2024-01-01,2024,7,Student Workers,11,4.95,18002.93,184.04,2,0
7,Student Affairs,20240201,2024-02-01,2024,8,Staff,50,48.0,320010.56,4821.98,3,0
7,Student Affairs,20240201,2024-02-01,2024,8,Student Workers,12,5.4,19862.99,409.3,0,1
7,Student Affairs,20240301,2024-03-01,2024,9,Staff,49,47.04,320652.53,10675.97,0,1
7,Student Affairs,20240301,2024-03-01,2024,9,Student Workers,11,4.95,18061.55,484.0,2,1
7,Student Affairs,20240401,2024-04-01,2024,10,Staff,50,48.0,324586.04,7741.03,0,1
7,Student Affairs,20240401,2024-04-01,2024,10,Student Workers,12,5.4,19993.25,349.65,1,0
7,Student Affairs,20240501,2024-05-01,2024,11,Staff,48,46.08,309412.79,6222.52,0,0
7,Student Affairs,20240501,2024-05-01,2024,11,Student Workers,11,4.95,18271.29,412.72,2,2
7,Student Affairs,20240601,2024-06-01,2024,12,Staff,53,50.88,343731.99,11474.35,0,2
7,Student Affairs,20240601,2024-06-01,2024,12,Student Workers,12,5.4,20291.77,466.26,1,0
7,Student Affairs,20240701,2024-07-01,2025,1,Staff,52,49.92,343741.52,11188.66,0,0
7,Student Affairs,20240701,2024-07-01,2025,1,Student Workers,12,5.4,19555.44,647.19,3,0
7,Student Affairs,20240801,2024-08-01,2025,2,Staff,52,49.92,332498.84,6615.31,0,1
7,Student Affairs,20240801,2024-08-01,2025,2,Student Workers,12,5.4,19996.94,319.35,1,0
7,Student Affairs,20240901,2024-09-01,2025,3,Staff,51,48.96,327511.25,7917.38,2,0
7,Student Affairs,20240901,2024-09-01,2025,3,Student Workers,12,5.4,19828.24,306.63,0,0
7,Student Affairs,20241001,2024-10-01,2025,4,Staff,51,48.96,332921.23,10563.13,1,0
7,Student Affairs,20241001,2024-10-01,2025,4,Student Workers,12,5.4,19645.97,513.36,2,0
7,Student Affairs,20241101,2024-11-01,2025,5,Staff,50,48.0,326325.47,7595.64,2,0
7,Student Affairs,20241101,2024-11-01,2025,5,Student Workers,12,5.4,19606.89,203.43,3,1
7,Student Affairs,20241201,2024-12-01,2025,6,Staff,52,49.92,342127.97,3944.78,0,1
7,Student Affairs,20241201,2024-12-01,2025,6,Student Workers,12,5.4,19802.86,583.54,3,0
7,Student Affairs,20250101,2025-01-01,2025,7,Staff,49,47.04,314935.08,6431.85,0,0
7,Student Affairs,20250101,2025-01-01,2025,7,Student Workers,11,4.95,18245.49,114.34,1,1
7,Student Affairs,20250201,2025-02-01,2025,8,Staff,50,48.0,326991.51,4716.97,2,0
7,Student Affairs,20250201,2025-02-01,2025,8,Student Workers,12,5.4,19972.16,431.56,0,0
7,Student Affairs,20250301,2025-03-01,2025,9,Staff,51,48.96,326216.44,7306.63,0,0
7,Student Affairs,20250301,2025-03-01,2025,9,Student Workers,12,5.4,20033.64,518.45,2,0
7,Student Affairs,20250401,2025-04-01,2025,10,Staff,50,48.0,329968.36,7745.61,3,0
7,Student Affairs,20250401,2025-04-01,2025,10,Student Workers,12,5.4,19958.34,647.17,3,0
7,Student Affairs,20250501,2025-05-01,2025,11,Staff,53,50.88,342421.83,1763.06,2,0
7,Student Affairs,20250501,2025-05-01,2025,11,Student Workers,12,5.4,19774.6,488.19,3,0
7,Student Affairs,20250601,2025-06-01,2025,12,Staff,52,49.92,338003.52,8888.44,0,0
7,Student Affairs,20250601,2025-06-01,2025,12,Student Workers,12,5.4,20050.0,330.45,2,0
8,Research Administration,20230701,2023-07-01,2024,1,Staff,31,29.76,204816.48,4685.51,2,0
8,Research Administration,20230701,2023-07-01,2024,1,Student Workers,5,2.25,8229.53,172.81,2,0
8,Research Administration,20230801,2023-08-01,2024,2,Staff,31,29.76,201343.14,3845.71,1,0
8,Research Administration,20230801,2023-08-01,2024,2,Student Workers,5,2.25,8300.05,108.17,1,0
8,Research Administration,20230901,2023-09-01,2024,3,Staff,31,29.76,202971.64,4811.16,1,0
8,Research Administration,20230901,2023-09-01,2024,3,Student Workers,5,2.25,8310.79,117.77,1,0
8,Research Administration,20231001,2023-10-01,2024,4,Staff,31,29.76,198975.12,1732.74,1,0
8,Research Administration,20231001,2023-10-01,2024,4,Student Workers,5,2.25,8208.87,55.48,3,0
8,Research Administration,20231101,2023-11-01,2024,5,Staff,31,29.76,198819.1,1756.65,3,0
8,Research Administration,20231101,2023-11-01,2024,5,Student Workers,5,2.25,8190.91,275.44,3,0
8,Research Administration,20231201,2023-12-01,2024,6,Staff,33,31.68,213898.04,6302.27,3,0
8,Research Administration,20231201,2023-12-01,2024,6,Student Workers,5,2.25,8170.47,283.62,0,0
8,Research Administration,20240101,2024-01-01,2024,7,Staff,32,30.72,203632.66,6326.09,0,0
8,Research Administration,20240101,2024-01-01,2024,7,Student Workers,5,2.25,8363.66,259.9,0,0
8,Research Administration,20240201,2024-02-01,2024,8,Staff,32,30.72,203448.2,3358.11,3,0
8,Research Administration,20240201,2024-02-01,2024,8,Student Workers,5,2.25,8452.12,270.93,3,0
8,Research Administration,20240301,2024-03-01,2024,9,Staff,31,29.76,197996.93,1339.97,3,0
8,Research Administration,20240301,2024-03-01,2024,9,Student Workers,5,2.25,8295.06,129.91,3,1
8,Research Administration,20240401,2024-04-01,2024,10,Staff,30,28.8,193293.72,1737.69,3,0
8,Research Administration,20240401,2024-04-01,2024,10,Student Workers,5,2.25,8321.91,252.06,3,1
8,Research Administration,20240501,2024-05-01,2024,11,Staff,31,29.76,204730.27,6889.28,1,0
8,Research Administration,20240501,2024-05-01,2024,11,Student Workers,5,2.25,8153.35,202.4,1,0
8,Research Administration,20240601,2024-06-01,2024,12,Staff,31,29.76,199743.33,3627.74,3,0
8,Research Administration,20240601,2024-06-01,2024,12,Student Workers,5,2.25,8160.78,71.67,0,0
8,Research Administration,20240701,2024-07-01,2025,1,Staff,31,29.76,202408.88,4405.41,1,0
8,Research Administration,20240701,2024-07-01,2025,1,Student Workers,5,2.25,8303.56,244.15,0,1
8,Research Administration,20240801,2024-08-01,2025,2,Staff,32,30.72,211450.1,4014.01,3,0
8,Research Administration,20240801,2024-08-01,2025,2,Student Workers,5,2.25,8339.17,289.54,3,0
8,Research Administration,20240901,2024-09-01,2025,3,Staff,31,29.76,202514.63,3000.53,0,0
8,Research Administration,20240901,2024-09-01,2025,3,Student Workers,5,2.25,8297.45,145.53,3,1
8,Research Administration,20241001,2024-10-01,2025,4,Staff,31,29.76,198039.61,3175.0,3,1
8,Research Administration,20241001,2024-10-01,2025,4,Student Workers,5,2.25,8318.12,232.07,0,0
8,Research Administration,20241101,2024-11-01,2025,5,Staff,33,31.68,211667.65,3474.65,1,0
8,Research Administration,20241101,2024-11-01,2025,5,Student Workers,5,2.25,8353.22,160.69,1,1
8,Research Administration,20241201,2024-12-01,2025,6,Staff,32,30.72,211179.73,2466.36,2,0
8,Research Administration,20241201,2024-12-01,2025,6,Student Workers,5,2.25,8308.85,67.07,3,2
8,Research Administration,20250101,2025-01-01,2025,7,Staff,31,29.76,204122.06,4501.52,1,0
8,Research Administration,20250101,2025-01-01,2025,7,Student Workers,5,2.25,8269.65,208.18,0,0
8,Research Administration,20250201,2025-02-01,2025,8,Staff,33,31.68,217828.27,5593.09,3,1
8,Research Administration,20250201,2025-02-01,2025,8,Student Workers,5,2.25,8156.17,234.77,3,1
8,Research Administration,20250301,2025-03-01,2025,9,Staff,32,30.72,209731.85,3662.25,3,0
8,Research Administration,20250301,2025-03-01,2025,9,Student Workers,5,2.25,8227.62,184.14,3,0
8,Research Administration,20250401,2025-04-01,2025,10,Staff,32,30.72,208508.83,5994.51,3,0
8,Research Administration,20250401,2025-04-01,2025,10,Student Workers,5,2.25,8349.97,61.43,0,0
8,Research Administration,20250501,2025-05-01,2025,11,Staff,32,30.72,210337.24,4342.1,0,0
8,Research Administration,20250501,2025-05-01,2025,11,Student Workers,5,2.25,8450.2,260.58,1,1
8,Research Administration,20250601,2025-06-01,2025,12,Staff,33,31.68,217824.5,6000.44,1,0
8,Research Administration,20250601,2025-06-01,2025,12,Student Workers,5,2.25,8200.65,219.4,3,0
